Username,Email,Name,branch_name
username,name,email,fulltime__branch_name
username,name,email,fulltime__branch_name
username,name,email,fulltime__branch_name
username,name,email,fulltime__branch_name
username,name,email,fulltime__branch_name
username,name,email,fulltime__branch_name
username,name,email,fulltime__branch_name
username,name,email,fulltime__branch_name
username,name,email,fulltime__branch_name
username,name,email,fulltime__branch_name
username,name,email,fulltime__branch_name
username,name,email,fulltime__branch_name
username,name,email,fulltime__branch_name
username,name,email,fulltime__branch_name
username,name,email,fulltime__branch_name
username,name,email,fulltime__branch_name
username,name,email,fulltime__branch_name
username,name,email,fulltime__branch_name
username,name,email,fulltime__branch_name
username,name,email,fulltime__branch_name
username,name,email,fulltime__branch_name
username,name,email,fulltime__branch_name
username,name,email,fulltime__branch_name
username,name,email,fulltime__branch_name
username,name,email,fulltime__branch_name
username,name,email,fulltime__branch_name
username,name,email,fulltime__branch_name
username,name,email,fulltime__branch_name
username,name,email,fulltime__branch_name
username,name,email,fulltime__branch_name
username,name,email,fulltime__branch_name
username,name,email,fulltime__branch_name
username,name,email,fulltime__branch_name
username,name,email,fulltime__branch_name
username,name,email,fulltime__branch_name
username,name,email,fulltime__branch_name
username,name,email,fulltime__branch_name
username,name,email,fulltime__branch_name
username,name,email,fulltime__branch_name
username,name,email,fulltime__branch_name
username,name,email,fulltime__branch_name
username,name,email,fulltime__branch_name
username,name,email,fulltime__branch_name
username,name,email,fulltime__branch_name
username,name,email,fulltime__branch_name
username,name,email,fulltime__branch_name
username,name,email,fulltime__branch_name
username,name,email,fulltime__branch_name
username,name,email,fulltime__branch_name
username,name,email,fulltime__branch_name
username,name,email,fulltime__branch_name
username,name,email,fulltime__branch_name
username,name,email,fulltime__branch_name
username,name,email,fulltime__branch_name
username,name,email,fulltime__branch_name
